<?xml version="1.0" encoding="utf-8"?>
<!--/529685/887286/2.49/15/2/Connector/-->
<quadcept_library>
  <setting unit="mil" />
  <textstyle name="Default" height="47.244094488189" strokewidth="7.8740157480315" charwidth="47.244094488189" />
  <textstyle name="Dimension" height="19.6850393700787" strokewidth="0" charwidth="19.6850393700787" />
  <textstyle name="H127W0635TH00762" height="50" strokewidth="3" charwidth="25" />
  <textstyle name="H15W15TH02" height="59.0551181102362" strokewidth="7.8740157480315" charwidth="59.0551181102362" />
  <padstyle name="c360_h240" surface="False" plated="True" isvia="False" nopaste="True" nomask="True" complex="False" holesize="94.488188976377">
    <padshape layer="TOP" shape="round" width="141.73228346457" height="141.73228346457" />
    <padshape layer="TOP_SOLDER_MASK" shape="round" width="149.6062992126" height="149.6062992126" />
    <padshape layer="INNER" shape="round" width="141.73228346457" height="141.73228346457" />
    <padshape layer="BOTTOM" shape="round" width="141.73228346457" height="141.73228346457" />
    <padshape layer="BOTTOM_SOLDER_MASK" shape="round" width="149.6062992126" height="149.6062992126" />
  </padstyle>
  <padstyle name="s360_h240" surface="False" plated="True" isvia="False" nopaste="True" nomask="True" complex="False" holesize="94.488188976377">
    <padshape layer="TOP" shape="square" width="141.73228346457" height="141.73228346457" />
    <padshape layer="TOP_SOLDER_MASK" shape="square" width="149.6062992126" height="149.6062992126" />
    <padshape layer="INNER" shape="square" width="141.73228346457" height="141.73228346457" />
    <padshape layer="BOTTOM" shape="square" width="141.73228346457" height="141.73228346457" />
    <padshape layer="BOTTOM_SOLDER_MASK" shape="square" width="149.6062992126" height="149.6062992126" />
  </padstyle>
  <padstyle name="c165_h330" surface="False" plated="True" isvia="False" nopaste="True" nomask="True" complex="False" holesize="129.92125984252">
    <padshape layer="TOP" shape="round" width="64.960629921259" height="64.960629921259" />
    <padshape layer="TOP_SOLDER_MASK" shape="round" width="72.83464566929" height="72.83464566929" />
    <padshape layer="INNER" shape="round" width="64.960629921259" height="64.960629921259" />
    <padshape layer="BOTTOM" shape="round" width="64.960629921259" height="64.960629921259" />
    <padshape layer="BOTTOM_SOLDER_MASK" shape="round" width="72.83464566929" height="72.83464566929" />
  </padstyle>
  <padstyle name="c100_h200" surface="False" plated="True" isvia="False" nopaste="True" nomask="True" complex="False" holesize="78.740157480314">
    <padshape layer="TOP" shape="round" width="39.370078740157" height="39.370078740157" />
    <padshape layer="TOP_SOLDER_MASK" shape="round" width="47.244094488188" height="47.244094488188" />
    <padshape layer="INNER" shape="round" width="39.370078740157" height="39.370078740157" />
    <padshape layer="BOTTOM" shape="round" width="39.370078740157" height="39.370078740157" />
    <padshape layer="BOTTOM_SOLDER_MASK" shape="round" width="47.244094488188" height="47.244094488188" />
  </padstyle>
  <padstyle name="c75_h150" surface="False" plated="True" isvia="False" nopaste="True" nomask="True" complex="False" holesize="59.055118110235">
    <padshape layer="TOP" shape="round" width="29.527559055118" height="29.527559055118" />
    <padshape layer="TOP_SOLDER_MASK" shape="round" width="37.401574803149" height="37.401574803149" />
    <padshape layer="INNER" shape="round" width="29.527559055118" height="29.527559055118" />
    <padshape layer="BOTTOM" shape="round" width="29.527559055118" height="29.527559055118" />
    <padshape layer="BOTTOM_SOLDER_MASK" shape="round" width="37.401574803149" height="37.401574803149" />
  </padstyle>
  <footprint name="1864163" originx="0" originy="0" pickpointx="0" pickpointy="0">
    <pcbpin number="1" name="1" style="s360_h240" originx="0" originy="0" rotation="90" />
    <pcbpin number="2" name="2" style="c360_h240" originx="196.85039370078" originy="-393.70078740157" rotation="90" />
    <pcbpin number="3" name="3" style="c360_h240" originx="393.70078740157" originy="0" rotation="90" />
    <pcbpin number="4" name="4" style="c360_h240" originx="590.55118110236" originy="-393.70078740157" rotation="90" />
    <pcbpin number="5" name="5" style="c360_h240" originx="787.40157480314" originy="0" rotation="90" />
    <pcbpin number="6" name="6" style="c360_h240" originx="984.25196850392" originy="-393.70078740157" rotation="90" />
    <pcbpin number="7" name="7" style="c360_h240" originx="1181.1023622047" originy="0" rotation="90" />
    <pcbpin number="8" name="8" style="c360_h240" originx="1377.9527559055" originy="-393.70078740157" rotation="90" />
    <pcbpin number="9" name="9" style="c360_h240" originx="1574.8031496063" originy="0" rotation="90" />
    <pcbpin number="10" name="10" style="c360_h240" originx="1771.6535433071" originy="-393.70078740157" rotation="90" />
    <pcbpin number="11" name="11" style="c360_h240" originx="1968.5039370078" originy="0" rotation="90" />
    <pcbpin number="12" name="12" style="c360_h240" originx="2165.3543307086" originy="-393.70078740157" rotation="90" />
    <pcbpin number="13" name="13" style="c360_h240" originx="2362.2047244094" originy="0" rotation="90" />
    <pcbpin number="14" name="14" style="c360_h240" originx="2559.0551181102" originy="-393.70078740157" rotation="90" />
    <pcbpin number="15" name="15" style="c360_h240" originx="2755.905511811" originy="0" rotation="90" />
    <pcbpin number="16" name="MH1" style="c165_h330" originx="-196.85039370078" originy="-236.22047244094" rotation="90" />
    <pcbpin number="17" name="MH2" style="c165_h330" originx="2952.7559055118" originy="-236.22047244094" rotation="90" />
    <pcbpin number="18" name="MH3" style="c100_h200" originx="-110.23622047244" originy="-452.75590551181" rotation="90" />
    <pcbpin number="19" name="MH4" style="c100_h200" originx="-110.23622047244" originy="-59.055118110235" rotation="90" />
    <pcbpin number="20" name="MH5" style="c100_h200" originx="2866.1417322834" originy="-452.75590551181" rotation="90" />
    <pcbpin number="21" name="MH6" style="c100_h200" originx="2866.1417322834" originy="59.055118110235" rotation="90" />
    <pcbpin number="22" name="MH7" style="c75_h150" originx="-196.85039370078" originy="-393.70078740157" rotation="90" />
    <pcbpin number="23" name="MH8" style="c75_h150" originx="-196.85039370078" originy="-59.055118110235" rotation="90" />
    <pcbpin number="24" name="MH9" style="c75_h150" originx="2952.7559055118" originy="-393.70078740157" rotation="90" />
    <pcbpin number="25" name="MH10" style="c75_h150" originx="2952.7559055118" originy="-70.866141732283" rotation="90" />
    <line layer="TOP_ASSEMBLY" originx="-259.44881889763" originy="-503.93700787401" endx="3015.3543307086" endy="-503.93700787401" width="3.9370078740157" />
    <line layer="TOP_ASSEMBLY" originx="3015.3543307086" originy="-503.93700787401" endx="3015.3543307086" endy="98.425196850392" width="3.9370078740157" />
    <line layer="TOP_ASSEMBLY" originx="3015.3543307086" originy="98.425196850392" endx="-259.44881889763" endy="98.425196850392" width="3.9370078740157" />
    <line layer="TOP_ASSEMBLY" originx="-259.44881889763" originy="98.425196850392" endx="-259.44881889763" endy="-503.93700787401" width="3.9370078740157" />
    <line layer="TOP_PLACE_BOUND" originx="-301.1811023622" originy="137.79527559055" endx="3057.0866141732" endy="137.79527559055" width="3.9370078740157" />
    <line layer="TOP_PLACE_BOUND" originx="3057.0866141732" originy="137.79527559055" endx="3057.0866141732" endy="-543.30708661417" width="3.9370078740157" />
    <line layer="TOP_PLACE_BOUND" originx="3057.0866141732" originy="-543.30708661417" endx="-301.1811023622" endy="-543.30708661417" width="3.9370078740157" />
    <line layer="TOP_PLACE_BOUND" originx="-301.1811023622" originy="-543.30708661417" endx="-301.1811023622" endy="137.79527559055" width="3.9370078740157" />
    <line layer="TOP_SILKSCREEN" originx="-259.84251968504" originy="-153.54330708661" endx="-259.84251968504" endy="98.425196850392" width="7.8740157480314" />
    <line layer="TOP_SILKSCREEN" originx="-259.84251968504" originy="98.425196850392" endx="2811.0236220472" endy="98.425196850392" width="7.8740157480314" />
    <line layer="TOP_SILKSCREEN" originx="2929.1338582677" originy="98.425196850392" endx="3015.3543307086" endy="98.425196850392" width="7.8740157480314" />
    <line layer="TOP_SILKSCREEN" originx="3015.3543307086" originy="98.425196850392" endx="3015.3543307086" endy="-153.54330708661" width="7.8740157480314" />
    <line layer="TOP_SILKSCREEN" originx="3015.3543307086" originy="-318.89763779527" endx="3015.3543307086" endy="-503.93700787401" width="7.8740157480314" />
    <line layer="TOP_SILKSCREEN" originx="3015.3543307086" originy="-503.93700787401" endx="-259.84251968504" endy="-503.93700787401" width="7.8740157480314" />
    <line layer="TOP_SILKSCREEN" originx="-259.84251968504" originy="-503.93700787401" endx="-259.44881889763" endy="-318.89763779527" width="7.8740157480314" />
    <line layer="TOP_SILKSCREEN" originx="0" originy="122.04724409449" endx="0" endy="122.04724409449" width="3.9370078740157" />
    <arc layer="TOP_SILKSCREEN" originx="1.6391087961985E-15" originy="120.07874015748" startangle="90.0" sweepangle="180.0" radius="1.9685039370079" width="3.9370078740157" />
    <line layer="TOP_SILKSCREEN" originx="0" originy="118.11023622047" endx="0" endy="118.11023622047" width="3.9370078740157" />
    <arc layer="TOP_SILKSCREEN" originx="1.6391087961985E-15" originy="120.07874015748" startangle="-90.0" sweepangle="180.0" radius="1.9685039370079" width="3.9370078740157" />
  </footprint>
  <symbol name="1864163" originx="0" originy="0">
    <line originx="200" originy="100" endx="700" endy="100" width="0" />
    <line originx="700" originy="-800" endx="700" endy="100" width="0" />
    <line originx="700" originy="-800" endx="200" endy="-800" width="0" />
    <line originx="200" originy="100" endx="200" endy="-800" width="0" />
    <sympin number="1" originx="700" originy="0" rotation="0" length="100" width="7.8740157480315" flipped="False">
      <text name="pinname" originx="670" originy="0" style="Default" rotation="0" justify="right" flipped="False" hidden="False" data="1" />
      <text name="pindes" originx="760" originy="20" style="Default" rotation="0" justify="lowerleft" flipped="False" hidden="False" data="1" />
    </sympin>
    <sympin number="2" originx="200" originy="0" rotation="180" length="100" width="7.8740157480315" flipped="False">
      <text name="pinname" originx="230" originy="0" style="Default" rotation="0" justify="left" flipped="False" hidden="False" data="2" />
      <text name="pindes" originx="140" originy="20" style="Default" rotation="0" justify="lowerright" flipped="False" hidden="False" data="2" />
    </sympin>
    <sympin number="3" originx="700" originy="-100" rotation="0" length="100" width="7.8740157480315" flipped="False">
      <text name="pinname" originx="670" originy="-100" style="Default" rotation="0" justify="right" flipped="False" hidden="False" data="3" />
      <text name="pindes" originx="760" originy="-80" style="Default" rotation="0" justify="lowerleft" flipped="False" hidden="False" data="3" />
    </sympin>
    <sympin number="4" originx="200" originy="-100" rotation="180" length="100" width="7.8740157480315" flipped="False">
      <text name="pinname" originx="230" originy="-100" style="Default" rotation="0" justify="left" flipped="False" hidden="False" data="4" />
      <text name="pindes" originx="140" originy="-80" style="Default" rotation="0" justify="lowerright" flipped="False" hidden="False" data="4" />
    </sympin>
    <sympin number="5" originx="700" originy="-200" rotation="0" length="100" width="7.8740157480315" flipped="False">
      <text name="pinname" originx="670" originy="-200" style="Default" rotation="0" justify="right" flipped="False" hidden="False" data="5" />
      <text name="pindes" originx="760" originy="-180" style="Default" rotation="0" justify="lowerleft" flipped="False" hidden="False" data="5" />
    </sympin>
    <sympin number="6" originx="200" originy="-200" rotation="180" length="100" width="7.8740157480315" flipped="False">
      <text name="pinname" originx="230" originy="-200" style="Default" rotation="0" justify="left" flipped="False" hidden="False" data="6" />
      <text name="pindes" originx="140" originy="-180" style="Default" rotation="0" justify="lowerright" flipped="False" hidden="False" data="6" />
    </sympin>
    <sympin number="7" originx="700" originy="-300" rotation="0" length="100" width="7.8740157480315" flipped="False">
      <text name="pinname" originx="670" originy="-300" style="Default" rotation="0" justify="right" flipped="False" hidden="False" data="7" />
      <text name="pindes" originx="760" originy="-280" style="Default" rotation="0" justify="lowerleft" flipped="False" hidden="False" data="7" />
    </sympin>
    <sympin number="8" originx="200" originy="-300" rotation="180" length="100" width="7.8740157480315" flipped="False">
      <text name="pinname" originx="230" originy="-300" style="Default" rotation="0" justify="left" flipped="False" hidden="False" data="8" />
      <text name="pindes" originx="140" originy="-280" style="Default" rotation="0" justify="lowerright" flipped="False" hidden="False" data="8" />
    </sympin>
    <sympin number="9" originx="700" originy="-400" rotation="0" length="100" width="7.8740157480315" flipped="False">
      <text name="pinname" originx="670" originy="-400" style="Default" rotation="0" justify="right" flipped="False" hidden="False" data="9" />
      <text name="pindes" originx="760" originy="-380" style="Default" rotation="0" justify="lowerleft" flipped="False" hidden="False" data="9" />
    </sympin>
    <sympin number="10" originx="200" originy="-400" rotation="180" length="100" width="7.8740157480315" flipped="False">
      <text name="pinname" originx="230" originy="-400" style="Default" rotation="0" justify="left" flipped="False" hidden="False" data="10" />
      <text name="pindes" originx="140" originy="-380" style="Default" rotation="0" justify="lowerright" flipped="False" hidden="False" data="10" />
    </sympin>
    <sympin number="11" originx="700" originy="-500" rotation="0" length="100" width="7.8740157480315" flipped="False">
      <text name="pinname" originx="670" originy="-500" style="Default" rotation="0" justify="right" flipped="False" hidden="False" data="11" />
      <text name="pindes" originx="760" originy="-480" style="Default" rotation="0" justify="lowerleft" flipped="False" hidden="False" data="11" />
    </sympin>
    <sympin number="12" originx="200" originy="-500" rotation="180" length="100" width="7.8740157480315" flipped="False">
      <text name="pinname" originx="230" originy="-500" style="Default" rotation="0" justify="left" flipped="False" hidden="False" data="12" />
      <text name="pindes" originx="140" originy="-480" style="Default" rotation="0" justify="lowerright" flipped="False" hidden="False" data="12" />
    </sympin>
    <sympin number="13" originx="700" originy="-600" rotation="0" length="100" width="7.8740157480315" flipped="False">
      <text name="pinname" originx="670" originy="-600" style="Default" rotation="0" justify="right" flipped="False" hidden="False" data="13" />
      <text name="pindes" originx="760" originy="-580" style="Default" rotation="0" justify="lowerleft" flipped="False" hidden="False" data="13" />
    </sympin>
    <sympin number="14" originx="200" originy="-600" rotation="180" length="100" width="7.8740157480315" flipped="False">
      <text name="pinname" originx="230" originy="-600" style="Default" rotation="0" justify="left" flipped="False" hidden="False" data="14" />
      <text name="pindes" originx="140" originy="-580" style="Default" rotation="0" justify="lowerright" flipped="False" hidden="False" data="14" />
    </sympin>
    <sympin number="15" originx="700" originy="-700" rotation="0" length="100" width="7.8740157480315" flipped="False">
      <text name="pinname" originx="670" originy="-700" style="Default" rotation="0" justify="right" flipped="False" hidden="False" data="15" />
      <text name="pindes" originx="760" originy="-680" style="Default" rotation="0" justify="lowerleft" flipped="False" hidden="False" data="15" />
    </sympin>
  </symbol>
  <component name="1864163" designatorprefix="J" height="643.70078740157" footprint="1864163">
    <comppin designator="1" sympin="1" pinswap="0" gateswap="0" gate="1" group="1" side="" type="Any" name="1" />
    <comppin designator="2" sympin="2" pinswap="0" gateswap="0" gate="1" group="1" side="" type="Any" name="2" />
    <comppin designator="3" sympin="3" pinswap="0" gateswap="0" gate="1" group="1" side="" type="Any" name="3" />
    <comppin designator="4" sympin="4" pinswap="0" gateswap="0" gate="1" group="1" side="" type="Any" name="4" />
    <comppin designator="5" sympin="5" pinswap="0" gateswap="0" gate="1" group="1" side="" type="Any" name="5" />
    <comppin designator="6" sympin="6" pinswap="0" gateswap="0" gate="1" group="1" side="" type="Any" name="6" />
    <comppin designator="7" sympin="7" pinswap="0" gateswap="0" gate="1" group="1" side="" type="Any" name="7" />
    <comppin designator="8" sympin="8" pinswap="0" gateswap="0" gate="1" group="1" side="" type="Any" name="8" />
    <comppin designator="9" sympin="9" pinswap="0" gateswap="0" gate="1" group="1" side="" type="Any" name="9" />
    <comppin designator="10" sympin="10" pinswap="0" gateswap="0" gate="1" group="1" side="" type="Any" name="10" />
    <comppin designator="11" sympin="11" pinswap="0" gateswap="0" gate="1" group="1" side="" type="Any" name="11" />
    <comppin designator="12" sympin="12" pinswap="0" gateswap="0" gate="1" group="1" side="" type="Any" name="12" />
    <comppin designator="13" sympin="13" pinswap="0" gateswap="0" gate="1" group="1" side="" type="Any" name="13" />
    <comppin designator="14" sympin="14" pinswap="0" gateswap="0" gate="1" group="1" side="" type="Any" name="14" />
    <comppin designator="15" sympin="15" pinswap="0" gateswap="0" gate="1" group="1" side="" type="Any" name="15" />
    <attached_symbol gate="1" name="1864163" />
    <pinmap designator="1" footprintpin="1" />
    <pinmap designator="2" footprintpin="2" />
    <pinmap designator="3" footprintpin="3" />
    <pinmap designator="4" footprintpin="4" />
    <pinmap designator="5" footprintpin="5" />
    <pinmap designator="6" footprintpin="6" />
    <pinmap designator="7" footprintpin="7" />
    <pinmap designator="8" footprintpin="8" />
    <pinmap designator="9" footprintpin="9" />
    <pinmap designator="10" footprintpin="10" />
    <pinmap designator="11" footprintpin="11" />
    <pinmap designator="12" footprintpin="12" />
    <pinmap designator="13" footprintpin="13" />
    <pinmap designator="14" footprintpin="14" />
    <pinmap designator="15" footprintpin="15" />
    <text name="Datasheet" originx="0" originy="0" style="Default" rotation="0" justify="" flipped="False" hidden="True" data="https://www.phoenixcontact.com/online/portal/us/?uri=pxc-oc-itemdetail:pid=1864163&amp;library=usen&amp;pcck=P-11-02-11&amp;tab=1&amp;selectedCategory=ALL" />
    <text name="Description" originx="0" originy="0" style="Default" rotation="0" justify="" flipped="False" hidden="True" data="PCB direct plug, nominal cross section: 2.5 mm?, color: green, nominal current: 12 A, rated voltage (III/2): 320 V, contact surface: Tin, Number of potentials: 15, Number of rows: 1, Number of positions per row: 15, number of connections: 15, product range: SDC 2,5/..-PV, pitch: 5 mm, connection method: Push-in spring connection, mounting: SKEDD - Direct plug-in technology, conductor/PCB connection direction: 90 ?, pin layout: Zigzag pinning W, solder pin [P]: 4.7 mm, Stecksystem: SKEDD, Locking: Snap-in lo" />
    <text name="Manufacturer_Name" originx="0" originy="0" style="Default" rotation="0" justify="" flipped="False" hidden="True" data="Phoenix Contact" />
    <text name="Manufacturer_Part_Number" originx="750" originy="200" style="Default" rotation="0" justify="left" flipped="False" hidden="False" data="1864163" />
    <text name="Mouser Part Number" originx="0" originy="0" style="Default" rotation="0" justify="" flipped="False" hidden="True" data="651-1864163" />
    <text name="Mouser Price/Stock" originx="0" originy="0" style="Default" rotation="0" justify="" flipped="False" hidden="True" data="https://www.mouser.com/Search/Refine.aspx?Keyword=651-1864163" />
    <text name="Arrow Part Number" originx="0" originy="0" style="Default" rotation="0" justify="" flipped="False" hidden="True" data="" />
    <text name="Arrow Price/Stock" originx="0" originy="0" style="Default" rotation="0" justify="" flipped="False" hidden="True" data="" />
  </component>
</quadcept_library>
