<?xml version="1.0" encoding="utf-8"?>
<!--/322977/887286/2.49/16/2/Connector/-->
<quadcept_library>
  <setting unit="mil" />
  <textstyle name="Default" height="47.244094488189" strokewidth="7.8740157480315" charwidth="47.244094488189" />
  <textstyle name="Dimension" height="19.6850393700787" strokewidth="0" charwidth="19.6850393700787" />
  <textstyle name="H127W0635TH00762" height="50" strokewidth="3" charwidth="25" />
  <textstyle name="H15W15TH02" height="59.0551181102362" strokewidth="7.8740157480315" charwidth="59.0551181102362" />
  <padstyle name="c360_h240" surface="False" plated="True" isvia="False" nopaste="True" nomask="True" complex="False" holesize="94.488188976377">
    <padshape layer="TOP" shape="round" width="141.73228346457" height="141.73228346457" />
    <padshape layer="TOP_SOLDER_MASK" shape="round" width="149.6062992126" height="149.6062992126" />
    <padshape layer="INNER" shape="round" width="141.73228346457" height="141.73228346457" />
    <padshape layer="BOTTOM" shape="round" width="141.73228346457" height="141.73228346457" />
    <padshape layer="BOTTOM_SOLDER_MASK" shape="round" width="149.6062992126" height="149.6062992126" />
  </padstyle>
  <padstyle name="c165_h330" surface="False" plated="True" isvia="False" nopaste="True" nomask="True" complex="False" holesize="129.92125984252">
    <padshape layer="TOP" shape="round" width="64.960629921259" height="64.960629921259" />
    <padshape layer="TOP_SOLDER_MASK" shape="round" width="72.83464566929" height="72.83464566929" />
    <padshape layer="INNER" shape="round" width="64.960629921259" height="64.960629921259" />
    <padshape layer="BOTTOM" shape="round" width="64.960629921259" height="64.960629921259" />
    <padshape layer="BOTTOM_SOLDER_MASK" shape="round" width="72.83464566929" height="72.83464566929" />
  </padstyle>
  <padstyle name="c100_h200" surface="False" plated="True" isvia="False" nopaste="True" nomask="True" complex="False" holesize="78.740157480314">
    <padshape layer="TOP" shape="round" width="39.370078740157" height="39.370078740157" />
    <padshape layer="TOP_SOLDER_MASK" shape="round" width="47.244094488188" height="47.244094488188" />
    <padshape layer="INNER" shape="round" width="39.370078740157" height="39.370078740157" />
    <padshape layer="BOTTOM" shape="round" width="39.370078740157" height="39.370078740157" />
    <padshape layer="BOTTOM_SOLDER_MASK" shape="round" width="47.244094488188" height="47.244094488188" />
  </padstyle>
  <padstyle name="c75_h150" surface="False" plated="True" isvia="False" nopaste="True" nomask="True" complex="False" holesize="59.055118110235">
    <padshape layer="TOP" shape="round" width="29.527559055118" height="29.527559055118" />
    <padshape layer="TOP_SOLDER_MASK" shape="round" width="37.401574803149" height="37.401574803149" />
    <padshape layer="INNER" shape="round" width="29.527559055118" height="29.527559055118" />
    <padshape layer="BOTTOM" shape="round" width="29.527559055118" height="29.527559055118" />
    <padshape layer="BOTTOM_SOLDER_MASK" shape="round" width="37.401574803149" height="37.401574803149" />
  </padstyle>
  <footprint name="1864176" originx="0" originy="0" pickpointx="0" pickpointy="0">
    <pcbpin number="1" name="1" style="c360_h240" originx="-1476.3779527559" originy="210.62992125984" rotation="90" />
    <pcbpin number="2" name="2" style="c360_h240" originx="-1279.5275590551" originy="-183.07086614173" rotation="90" />
    <pcbpin number="3" name="3" style="c360_h240" originx="-1082.6771653543" originy="210.62992125984" rotation="90" />
    <pcbpin number="4" name="4" style="c360_h240" originx="-885.82677165353" originy="-183.07086614173" rotation="90" />
    <pcbpin number="5" name="5" style="c360_h240" originx="-688.97637795275" originy="210.62992125984" rotation="90" />
    <pcbpin number="6" name="6" style="c360_h240" originx="-492.12598425196" originy="-183.07086614173" rotation="90" />
    <pcbpin number="7" name="7" style="c360_h240" originx="-295.27559055118" originy="210.62992125984" rotation="90" />
    <pcbpin number="8" name="8" style="c360_h240" originx="-98.425196850392" originy="-183.07086614173" rotation="90" />
    <pcbpin number="9" name="9" style="c360_h240" originx="98.425196850392" originy="210.62992125984" rotation="90" />
    <pcbpin number="10" name="10" style="c360_h240" originx="295.27559055118" originy="-183.07086614173" rotation="90" />
    <pcbpin number="11" name="11" style="c360_h240" originx="492.12598425196" originy="210.62992125984" rotation="90" />
    <pcbpin number="12" name="12" style="c360_h240" originx="688.97637795275" originy="-183.07086614173" rotation="90" />
    <pcbpin number="13" name="13" style="c360_h240" originx="885.82677165353" originy="210.62992125984" rotation="90" />
    <pcbpin number="14" name="14" style="c360_h240" originx="1082.6771653543" originy="-183.07086614173" rotation="90" />
    <pcbpin number="15" name="15" style="c360_h240" originx="1279.5275590551" originy="210.62992125984" rotation="90" />
    <pcbpin number="16" name="16" style="c360_h240" originx="1476.3779527559" originy="-183.07086614173" rotation="90" />
    <pcbpin number="17" name="17" style="c165_h330" originx="-1673.2283464567" originy="-25.590551181102" rotation="90" />
    <pcbpin number="18" name="18" style="c165_h330" originx="1673.2283464567" originy="-25.590551181102" rotation="90" />
    <pcbpin number="19" name="19" style="c100_h200" originx="-1586.6141732283" originy="151.5748031496" rotation="90" />
    <pcbpin number="20" name="20" style="c100_h200" originx="-1586.6141732283" originy="-242.12598425197" rotation="90" />
    <pcbpin number="21" name="21" style="c100_h200" originx="1586.6141732283" originy="-242.12598425197" rotation="90" />
    <pcbpin number="22" name="22" style="c100_h200" originx="1586.6141732283" originy="269.68503937008" rotation="90" />
    <pcbpin number="23" name="23" style="c75_h150" originx="-1673.2283464567" originy="139.76377952756" rotation="90" />
    <pcbpin number="24" name="24" style="c75_h150" originx="-1673.2283464567" originy="-190.94488188976" rotation="90" />
    <pcbpin number="25" name="25" style="c75_h150" originx="1673.2283464567" originy="139.76377952756" rotation="90" />
    <pcbpin number="26" name="26" style="c75_h150" originx="1673.2283464567" originy="-183.07086614173" rotation="90" />
    <line layer="TOP_ASSEMBLY" originx="-1767.716535433" originy="301.1811023622" endx="1767.716535433" endy="301.1811023622" width="7.8740157480314" />
    <line layer="TOP_ASSEMBLY" originx="1767.716535433" originy="301.1811023622" endx="1767.716535433" endy="-301.1811023622" width="7.8740157480314" />
    <line layer="TOP_ASSEMBLY" originx="1767.716535433" originy="-301.1811023622" endx="-1767.716535433" endy="-301.1811023622" width="7.8740157480314" />
    <line layer="TOP_ASSEMBLY" originx="-1767.716535433" originy="-301.1811023622" endx="-1767.716535433" endy="301.1811023622" width="7.8740157480314" />
    <line layer="TOP_PLACE_BOUND" originx="-1807.0866141732" originy="348.42519685039" endx="1807.0866141732" endy="348.42519685039" width="3.9370078740157" />
    <line layer="TOP_PLACE_BOUND" originx="1807.0866141732" originy="348.42519685039" endx="1807.0866141732" endy="-340.55118110236" width="3.9370078740157" />
    <line layer="TOP_PLACE_BOUND" originx="1807.0866141732" originy="-340.55118110236" endx="-1807.0866141732" endy="-340.55118110236" width="3.9370078740157" />
    <line layer="TOP_PLACE_BOUND" originx="-1807.0866141732" originy="-340.55118110236" endx="-1807.0866141732" endy="348.42519685039" width="3.9370078740157" />
    <line layer="TOP_SILKSCREEN" originx="1633.8582677165" originy="301.1811023622" endx="1767.716535433" endy="301.1811023622" width="3.9370078740157" />
    <line layer="TOP_SILKSCREEN" originx="1767.716535433" originy="301.1811023622" endx="1767.716535433" endy="-301.1811023622" width="3.9370078740157" />
    <line layer="TOP_SILKSCREEN" originx="1767.716535433" originy="-301.1811023622" endx="1633.8582677165" endy="-301.1811023622" width="3.9370078740157" />
    <line layer="TOP_SILKSCREEN" originx="1633.8582677165" originy="-301.1811023622" endx="-1767.716535433" endy="-301.1811023622" width="3.9370078740157" />
    <line layer="TOP_SILKSCREEN" originx="-1767.716535433" originy="-301.1811023622" endx="-1767.716535433" endy="301.1811023622" width="3.9370078740157" />
    <line layer="TOP_SILKSCREEN" originx="-1767.716535433" originy="301.1811023622" endx="1515.748031496" endy="301.1811023622" width="3.9370078740157" />
  </footprint>
  <symbol name="1864176" originx="0" originy="0">
    <line originx="200" originy="100" endx="700" endy="100" width="0" />
    <line originx="700" originy="-800" endx="700" endy="100" width="0" />
    <line originx="700" originy="-800" endx="200" endy="-800" width="0" />
    <line originx="200" originy="100" endx="200" endy="-800" width="0" />
    <sympin number="1" originx="700" originy="0" rotation="0" length="100" width="7.8740157480315" flipped="False">
      <text name="pinname" originx="670" originy="0" style="Default" rotation="0" justify="right" flipped="False" hidden="False" data="1" />
      <text name="pindes" originx="760" originy="20" style="Default" rotation="0" justify="lowerleft" flipped="False" hidden="False" data="1" />
    </sympin>
    <sympin number="2" originx="200" originy="0" rotation="180" length="100" width="7.8740157480315" flipped="False">
      <text name="pinname" originx="230" originy="0" style="Default" rotation="0" justify="left" flipped="False" hidden="False" data="2" />
      <text name="pindes" originx="140" originy="20" style="Default" rotation="0" justify="lowerright" flipped="False" hidden="False" data="2" />
    </sympin>
    <sympin number="3" originx="700" originy="-100" rotation="0" length="100" width="7.8740157480315" flipped="False">
      <text name="pinname" originx="670" originy="-100" style="Default" rotation="0" justify="right" flipped="False" hidden="False" data="3" />
      <text name="pindes" originx="760" originy="-80" style="Default" rotation="0" justify="lowerleft" flipped="False" hidden="False" data="3" />
    </sympin>
    <sympin number="4" originx="200" originy="-100" rotation="180" length="100" width="7.8740157480315" flipped="False">
      <text name="pinname" originx="230" originy="-100" style="Default" rotation="0" justify="left" flipped="False" hidden="False" data="4" />
      <text name="pindes" originx="140" originy="-80" style="Default" rotation="0" justify="lowerright" flipped="False" hidden="False" data="4" />
    </sympin>
    <sympin number="5" originx="700" originy="-200" rotation="0" length="100" width="7.8740157480315" flipped="False">
      <text name="pinname" originx="670" originy="-200" style="Default" rotation="0" justify="right" flipped="False" hidden="False" data="5" />
      <text name="pindes" originx="760" originy="-180" style="Default" rotation="0" justify="lowerleft" flipped="False" hidden="False" data="5" />
    </sympin>
    <sympin number="6" originx="200" originy="-200" rotation="180" length="100" width="7.8740157480315" flipped="False">
      <text name="pinname" originx="230" originy="-200" style="Default" rotation="0" justify="left" flipped="False" hidden="False" data="6" />
      <text name="pindes" originx="140" originy="-180" style="Default" rotation="0" justify="lowerright" flipped="False" hidden="False" data="6" />
    </sympin>
    <sympin number="7" originx="700" originy="-300" rotation="0" length="100" width="7.8740157480315" flipped="False">
      <text name="pinname" originx="670" originy="-300" style="Default" rotation="0" justify="right" flipped="False" hidden="False" data="7" />
      <text name="pindes" originx="760" originy="-280" style="Default" rotation="0" justify="lowerleft" flipped="False" hidden="False" data="7" />
    </sympin>
    <sympin number="8" originx="200" originy="-300" rotation="180" length="100" width="7.8740157480315" flipped="False">
      <text name="pinname" originx="230" originy="-300" style="Default" rotation="0" justify="left" flipped="False" hidden="False" data="8" />
      <text name="pindes" originx="140" originy="-280" style="Default" rotation="0" justify="lowerright" flipped="False" hidden="False" data="8" />
    </sympin>
    <sympin number="9" originx="700" originy="-400" rotation="0" length="100" width="7.8740157480315" flipped="False">
      <text name="pinname" originx="670" originy="-400" style="Default" rotation="0" justify="right" flipped="False" hidden="False" data="9" />
      <text name="pindes" originx="760" originy="-380" style="Default" rotation="0" justify="lowerleft" flipped="False" hidden="False" data="9" />
    </sympin>
    <sympin number="10" originx="200" originy="-400" rotation="180" length="100" width="7.8740157480315" flipped="False">
      <text name="pinname" originx="230" originy="-400" style="Default" rotation="0" justify="left" flipped="False" hidden="False" data="10" />
      <text name="pindes" originx="140" originy="-380" style="Default" rotation="0" justify="lowerright" flipped="False" hidden="False" data="10" />
    </sympin>
    <sympin number="11" originx="700" originy="-500" rotation="0" length="100" width="7.8740157480315" flipped="False">
      <text name="pinname" originx="670" originy="-500" style="Default" rotation="0" justify="right" flipped="False" hidden="False" data="11" />
      <text name="pindes" originx="760" originy="-480" style="Default" rotation="0" justify="lowerleft" flipped="False" hidden="False" data="11" />
    </sympin>
    <sympin number="12" originx="200" originy="-500" rotation="180" length="100" width="7.8740157480315" flipped="False">
      <text name="pinname" originx="230" originy="-500" style="Default" rotation="0" justify="left" flipped="False" hidden="False" data="12" />
      <text name="pindes" originx="140" originy="-480" style="Default" rotation="0" justify="lowerright" flipped="False" hidden="False" data="12" />
    </sympin>
    <sympin number="13" originx="700" originy="-600" rotation="0" length="100" width="7.8740157480315" flipped="False">
      <text name="pinname" originx="670" originy="-600" style="Default" rotation="0" justify="right" flipped="False" hidden="False" data="13" />
      <text name="pindes" originx="760" originy="-580" style="Default" rotation="0" justify="lowerleft" flipped="False" hidden="False" data="13" />
    </sympin>
    <sympin number="14" originx="200" originy="-600" rotation="180" length="100" width="7.8740157480315" flipped="False">
      <text name="pinname" originx="230" originy="-600" style="Default" rotation="0" justify="left" flipped="False" hidden="False" data="14" />
      <text name="pindes" originx="140" originy="-580" style="Default" rotation="0" justify="lowerright" flipped="False" hidden="False" data="14" />
    </sympin>
    <sympin number="15" originx="700" originy="-700" rotation="0" length="100" width="7.8740157480315" flipped="False">
      <text name="pinname" originx="670" originy="-700" style="Default" rotation="0" justify="right" flipped="False" hidden="False" data="15" />
      <text name="pindes" originx="760" originy="-680" style="Default" rotation="0" justify="lowerleft" flipped="False" hidden="False" data="15" />
    </sympin>
    <sympin number="16" originx="200" originy="-700" rotation="180" length="100" width="7.8740157480315" flipped="False">
      <text name="pinname" originx="230" originy="-700" style="Default" rotation="0" justify="left" flipped="False" hidden="False" data="16" />
      <text name="pindes" originx="140" originy="-680" style="Default" rotation="0" justify="lowerright" flipped="False" hidden="False" data="16" />
    </sympin>
  </symbol>
  <component name="1864176" designatorprefix="J" height="629.92125984251" footprint="1864176">
    <comppin designator="1" sympin="1" pinswap="0" gateswap="0" gate="1" group="1" side="" type="Any" name="1" />
    <comppin designator="2" sympin="2" pinswap="0" gateswap="0" gate="1" group="1" side="" type="Any" name="2" />
    <comppin designator="3" sympin="3" pinswap="0" gateswap="0" gate="1" group="1" side="" type="Any" name="3" />
    <comppin designator="4" sympin="4" pinswap="0" gateswap="0" gate="1" group="1" side="" type="Any" name="4" />
    <comppin designator="5" sympin="5" pinswap="0" gateswap="0" gate="1" group="1" side="" type="Any" name="5" />
    <comppin designator="6" sympin="6" pinswap="0" gateswap="0" gate="1" group="1" side="" type="Any" name="6" />
    <comppin designator="7" sympin="7" pinswap="0" gateswap="0" gate="1" group="1" side="" type="Any" name="7" />
    <comppin designator="8" sympin="8" pinswap="0" gateswap="0" gate="1" group="1" side="" type="Any" name="8" />
    <comppin designator="9" sympin="9" pinswap="0" gateswap="0" gate="1" group="1" side="" type="Any" name="9" />
    <comppin designator="10" sympin="10" pinswap="0" gateswap="0" gate="1" group="1" side="" type="Any" name="10" />
    <comppin designator="11" sympin="11" pinswap="0" gateswap="0" gate="1" group="1" side="" type="Any" name="11" />
    <comppin designator="12" sympin="12" pinswap="0" gateswap="0" gate="1" group="1" side="" type="Any" name="12" />
    <comppin designator="13" sympin="13" pinswap="0" gateswap="0" gate="1" group="1" side="" type="Any" name="13" />
    <comppin designator="14" sympin="14" pinswap="0" gateswap="0" gate="1" group="1" side="" type="Any" name="14" />
    <comppin designator="15" sympin="15" pinswap="0" gateswap="0" gate="1" group="1" side="" type="Any" name="15" />
    <comppin designator="16" sympin="16" pinswap="0" gateswap="0" gate="1" group="1" side="" type="Any" name="16" />
    <attached_symbol gate="1" name="1864176" />
    <pinmap designator="1" footprintpin="1" />
    <pinmap designator="2" footprintpin="2" />
    <pinmap designator="3" footprintpin="3" />
    <pinmap designator="4" footprintpin="4" />
    <pinmap designator="5" footprintpin="5" />
    <pinmap designator="6" footprintpin="6" />
    <pinmap designator="7" footprintpin="7" />
    <pinmap designator="8" footprintpin="8" />
    <pinmap designator="9" footprintpin="9" />
    <pinmap designator="10" footprintpin="10" />
    <pinmap designator="11" footprintpin="11" />
    <pinmap designator="12" footprintpin="12" />
    <pinmap designator="13" footprintpin="13" />
    <pinmap designator="14" footprintpin="14" />
    <pinmap designator="15" footprintpin="15" />
    <pinmap designator="16" footprintpin="16" />
    <text name="Datasheet" originx="0" originy="0" style="Default" rotation="0" justify="" flipped="False" hidden="True" data="http://media.digikey.com/pdf/Data Sheets/Phoenix Contact PDFs/1864176.pdf" />
    <text name="Description" originx="0" originy="0" style="Default" rotation="0" justify="" flipped="False" hidden="True" data="Phoenix Contact SDC Series 5mm Pitch, 16 Way Straight, PCB Terminal Block, SKEDD" />
    <text name="Manufacturer_Name" originx="0" originy="0" style="Default" rotation="0" justify="" flipped="False" hidden="True" data="Phoenix Contact" />
    <text name="Manufacturer_Part_Number" originx="750" originy="200" style="Default" rotation="0" justify="left" flipped="False" hidden="False" data="1864176" />
    <text name="Mouser Part Number" originx="0" originy="0" style="Default" rotation="0" justify="" flipped="False" hidden="True" data="651-1864176" />
    <text name="Mouser Price/Stock" originx="0" originy="0" style="Default" rotation="0" justify="" flipped="False" hidden="True" data="https://www.mouser.com/Search/Refine.aspx?Keyword=651-1864176" />
    <text name="Arrow Part Number" originx="0" originy="0" style="Default" rotation="0" justify="" flipped="False" hidden="True" data="1864176" />
    <text name="Arrow Price/Stock" originx="0" originy="0" style="Default" rotation="0" justify="" flipped="False" hidden="True" data="https://www.arrow.com/en/products/1864176/phoenix-contact" />
  </component>
</quadcept_library>
