<?xml version="1.0" encoding="utf-8"?>
<!--/16025069/887286/2.49/10/3/Integrated Circuit/-->
<quadcept_library>
  <setting unit="mil" />
  <textstyle name="Default" height="47.244094488189" strokewidth="7.8740157480315" charwidth="47.244094488189" />
  <textstyle name="Dimension" height="19.6850393700787" strokewidth="0" charwidth="19.6850393700787" />
  <textstyle name="H127W0635TH00762" height="50" strokewidth="3" charwidth="25" />
  <textstyle name="H15W15TH02" height="59.0551181102362" strokewidth="7.8740157480315" charwidth="59.0551181102362" />
  <padstyle name="r220_76" surface="True" plated="False" isvia="False" nopaste="False" nomask="True" complex="False" holesize="0">
    <padshape layer="TOP" shape="rectangle" width="29.921259842519" height="86.614173228345" />
    <padshape layer="TOP_SOLDER_MASK" shape="rectangle" width="37.795275590551" height="94.488188976377" />
    <padshape layer="TOP_SOLDER_PASTE" shape="rectangle" width="29.921259842519" height="86.614173228345" />
  </padstyle>
  <padstyle name="r270_254" surface="True" plated="False" isvia="False" nopaste="False" nomask="True" complex="False" holesize="0">
    <padshape layer="TOP" shape="rectangle" width="99.999999999999" height="106.29921259842" />
    <padshape layer="TOP_SOLDER_MASK" shape="rectangle" width="107.87401574803" height="114.17322834646" />
    <padshape layer="TOP_SOLDER_PASTE" shape="rectangle" width="99.999999999999" height="106.29921259842" />
  </padstyle>
  <footprint name="HMSR6SMS" originx="0" originy="0" pickpointx="0" pickpointy="0">
    <pcbpin number="1" name="1" style="r270_254" originx="-159.84251968504" originy="-170.27559055118" rotation="0" />
    <pcbpin number="2" name="8" style="r270_254" originx="159.84251968504" originy="-170.27559055118" rotation="0" />
    <pcbpin number="3" name="9" style="r220_76" originx="175" originy="241.14173228346" rotation="0" />
    <pcbpin number="4" name="10" style="r220_76" originx="125" originy="241.14173228346" rotation="0" />
    <pcbpin number="5" name="11" style="r220_76" originx="74.999999999999" originy="241.14173228346" rotation="0" />
    <pcbpin number="6" name="12" style="r220_76" originx="25" originy="241.14173228346" rotation="0" />
    <pcbpin number="7" name="13" style="r220_76" originx="-25" originy="241.14173228346" rotation="0" />
    <pcbpin number="8" name="14" style="r220_76" originx="-74.999999999999" originy="241.14173228346" rotation="0" />
    <pcbpin number="9" name="15" style="r220_76" originx="-125" originy="241.14173228346" rotation="0" />
    <pcbpin number="10" name="16" style="r220_76" originx="-175" originy="241.14173228346" rotation="0" />
    <line layer="TOP_ASSEMBLY" originx="-203.14960629921" originy="183.07086614173" endx="203.14960629921" endy="183.07086614173" width="3.9370078740157" />
    <line layer="TOP_ASSEMBLY" originx="203.14960629921" originy="183.07086614173" endx="203.14960629921" endy="-183.07086614173" width="3.9370078740157" />
    <line layer="TOP_ASSEMBLY" originx="203.14960629921" originy="-183.07086614173" endx="-203.14960629921" endy="-183.07086614173" width="3.9370078740157" />
    <line layer="TOP_ASSEMBLY" originx="-203.14960629921" originy="-183.07086614173" endx="-203.14960629921" endy="183.07086614173" width="3.9370078740157" />
    <line layer="TOP_PLACE_BOUND" originx="-249.21259842519" originy="323.81889763779" endx="249.21259842519" endy="323.81889763779" width="3.9370078740157" />
    <line layer="TOP_PLACE_BOUND" originx="249.21259842519" originy="323.81889763779" endx="249.21259842519" endy="-262.79527559055" width="3.9370078740157" />
    <line layer="TOP_PLACE_BOUND" originx="249.21259842519" originy="-262.79527559055" endx="-249.21259842519" endy="-262.79527559055" width="3.9370078740157" />
    <line layer="TOP_PLACE_BOUND" originx="-249.21259842519" originy="-262.79527559055" endx="-249.21259842519" endy="323.81889763779" width="3.9370078740157" />
    <line layer="TOP_SILKSCREEN" originx="-203.14960629921" originy="-106.29921259842" endx="-203.14960629921" endy="183.07086614173" width="7.8740157480314" />
    <line layer="TOP_SILKSCREEN" originx="-203.14960629921" originy="183.07086614173" endx="203.14960629921" endy="183.07086614173" width="7.8740157480314" />
    <line layer="TOP_SILKSCREEN" originx="203.14960629921" originy="183.07086614173" endx="203.14960629921" endy="-106.29921259842" width="7.8740157480314" />
    <line layer="TOP_SILKSCREEN" originx="-98.425196850392" originy="-183.07086614173" endx="98.425196850392" endy="-183.07086614173" width="7.8740157480314" />
    <line layer="TOP_SILKSCREEN" originx="-159.84251968504" originy="-251.968503937" endx="-159.84251968504" endy="-251.968503937" width="3.9370078740157" />
    <arc layer="TOP_SILKSCREEN" originx="-159.84251968504" originy="-250" startangle="-90.0" sweepangle="180.0" radius="1.9685039370079" width="3.9370078740157" />
    <line layer="TOP_SILKSCREEN" originx="-159.84251968504" originy="-248.03149606299" endx="-159.84251968504" endy="-248.03149606299" width="3.9370078740157" />
    <arc layer="TOP_SILKSCREEN" originx="-159.84251968504" originy="-250" startangle="90.0" sweepangle="180.0" radius="1.9685039370079" width="3.9370078740157" />
  </footprint>
  <symbol name="HMSR6-SMS" originx="0" originy="0">
    <line originx="200" originy="100" endx="1100" endy="100" width="0" />
    <line originx="1100" originy="-800" endx="1100" endy="100" width="0" />
    <line originx="1100" originy="-800" endx="200" endy="-800" width="0" />
    <line originx="200" originy="100" endx="200" endy="-800" width="0" />
    <sympin number="1" originx="200" originy="0" rotation="180" length="100" width="7.8740157480315" flipped="False">
      <text name="pinname" originx="230" originy="0" style="Default" rotation="0" justify="left" flipped="False" hidden="False" data="IP+" />
      <text name="pindes" originx="140" originy="20" style="Default" rotation="0" justify="lowerright" flipped="False" hidden="False" data="1" />
    </sympin>
    <sympin number="8" originx="200" originy="-100" rotation="180" length="100" width="7.8740157480315" flipped="False">
      <text name="pinname" originx="230" originy="-100" style="Default" rotation="0" justify="left" flipped="False" hidden="False" data="IP-" />
      <text name="pindes" originx="140" originy="-80" style="Default" rotation="0" justify="lowerright" flipped="False" hidden="False" data="8" />
    </sympin>
    <sympin number="9" originx="1100" originy="-700" rotation="0" length="100" width="7.8740157480315" flipped="False">
      <text name="pinname" originx="1070" originy="-700" style="Default" rotation="0" justify="right" flipped="False" hidden="False" data="OCD_INT" />
      <text name="pindes" originx="1160" originy="-680" style="Default" rotation="0" justify="lowerleft" flipped="False" hidden="False" data="9" />
    </sympin>
    <sympin number="10" originx="1100" originy="-600" rotation="0" length="100" width="7.8740157480315" flipped="False">
      <text name="pinname" originx="1070" originy="-600" style="Default" rotation="0" justify="right" flipped="False" hidden="False" data="UC" />
      <text name="pindes" originx="1160" originy="-580" style="Default" rotation="0" justify="lowerleft" flipped="False" hidden="False" data="10" />
    </sympin>
    <sympin number="11" originx="1100" originy="-500" rotation="0" length="100" width="7.8740157480315" flipped="False">
      <text name="pinname" originx="1070" originy="-500" style="Default" rotation="0" justify="right" flipped="False" hidden="False" data="UREF" />
      <text name="pindes" originx="1160" originy="-480" style="Default" rotation="0" justify="lowerleft" flipped="False" hidden="False" data="11" />
    </sympin>
    <sympin number="12" originx="1100" originy="-400" rotation="0" length="100" width="7.8740157480315" flipped="False">
      <text name="pinname" originx="1070" originy="-400" style="Default" rotation="0" justify="right" flipped="False" hidden="False" data="UOUT" />
      <text name="pindes" originx="1160" originy="-380" style="Default" rotation="0" justify="lowerleft" flipped="False" hidden="False" data="12" />
    </sympin>
    <sympin number="13" originx="1100" originy="-300" rotation="0" length="100" width="7.8740157480315" flipped="False">
      <text name="pinname" originx="1070" originy="-300" style="Default" rotation="0" justify="right" flipped="False" hidden="False" data="NC" />
      <text name="pindes" originx="1160" originy="-280" style="Default" rotation="0" justify="lowerleft" flipped="False" hidden="False" data="13" />
    </sympin>
    <sympin number="14" originx="1100" originy="-200" rotation="0" length="100" width="7.8740157480315" flipped="False">
      <text name="pinname" originx="1070" originy="-200" style="Default" rotation="0" justify="right" flipped="False" hidden="False" data="OCD_EXT" />
      <text name="pindes" originx="1160" originy="-180" style="Default" rotation="0" justify="lowerleft" flipped="False" hidden="False" data="14" />
    </sympin>
    <sympin number="15" originx="1100" originy="-100" rotation="0" length="100" width="7.8740157480315" flipped="False">
      <text name="pinname" originx="1070" originy="-100" style="Default" rotation="0" justify="right" flipped="False" hidden="False" data="GND" />
      <text name="pindes" originx="1160" originy="-80" style="Default" rotation="0" justify="lowerleft" flipped="False" hidden="False" data="15" />
    </sympin>
    <sympin number="16" originx="1100" originy="0" rotation="0" length="100" width="7.8740157480315" flipped="False">
      <text name="pinname" originx="1070" originy="0" style="Default" rotation="0" justify="right" flipped="False" hidden="False" data="UE_OCD" />
      <text name="pindes" originx="1160" originy="20" style="Default" rotation="0" justify="lowerleft" flipped="False" hidden="False" data="16" />
    </sympin>
  </symbol>
  <component name="HMSR6-SMS" designatorprefix="IC" height="246.06299212598" footprint="HMSR6SMS">
    <comppin designator="1" sympin="1" pinswap="0" gateswap="0" gate="1" group="1" side="" type="Any" name="IP+" />
    <comppin designator="8" sympin="8" pinswap="0" gateswap="0" gate="1" group="1" side="" type="Any" name="IP-" />
    <comppin designator="9" sympin="9" pinswap="0" gateswap="0" gate="1" group="1" side="" type="Any" name="OCD_INT" />
    <comppin designator="10" sympin="10" pinswap="0" gateswap="0" gate="1" group="1" side="" type="Any" name="UC" />
    <comppin designator="11" sympin="11" pinswap="0" gateswap="0" gate="1" group="1" side="" type="Any" name="UREF" />
    <comppin designator="12" sympin="12" pinswap="0" gateswap="0" gate="1" group="1" side="" type="Any" name="UOUT" />
    <comppin designator="13" sympin="13" pinswap="0" gateswap="0" gate="1" group="1" side="" type="Any" name="NC" />
    <comppin designator="14" sympin="14" pinswap="0" gateswap="0" gate="1" group="1" side="" type="Any" name="OCD_EXT" />
    <comppin designator="15" sympin="15" pinswap="0" gateswap="0" gate="1" group="1" side="" type="Any" name="GND" />
    <comppin designator="16" sympin="16" pinswap="0" gateswap="0" gate="1" group="1" side="" type="Any" name="UE_OCD" />
    <attached_symbol gate="1" name="HMSR6-SMS" />
    <pinmap designator="1" footprintpin="1" />
    <pinmap designator="8" footprintpin="2" />
    <pinmap designator="9" footprintpin="3" />
    <pinmap designator="10" footprintpin="4" />
    <pinmap designator="11" footprintpin="5" />
    <pinmap designator="12" footprintpin="6" />
    <pinmap designator="13" footprintpin="7" />
    <pinmap designator="14" footprintpin="8" />
    <pinmap designator="15" footprintpin="9" />
    <pinmap designator="16" footprintpin="10" />
    <text name="Datasheet" originx="0" originy="0" style="Default" rotation="0" justify="" flipped="False" hidden="True" data="https://www.lem.com/sites/default/files/products_datasheets/hmsr-series.pdf" />
    <text name="Description" originx="0" originy="0" style="Default" rotation="0" justify="" flipped="False" hidden="True" data="Current Sensor 6A 1 Channel Hall Effect, Open Loop Bidirectional 16-PowerSOIC (0.295&quot;, 7.50mm Width), 10 Leads" />
    <text name="Manufacturer_Name" originx="0" originy="0" style="Default" rotation="0" justify="" flipped="False" hidden="True" data="LEM" />
    <text name="Manufacturer_Part_Number" originx="1150" originy="200" style="Default" rotation="0" justify="left" flipped="False" hidden="False" data="HMSR6-SMS" />
    <text name="Mouser Part Number" originx="0" originy="0" style="Default" rotation="0" justify="" flipped="False" hidden="True" data="" />
    <text name="Mouser Price/Stock" originx="0" originy="0" style="Default" rotation="0" justify="" flipped="False" hidden="True" data="" />
    <text name="Arrow Part Number" originx="0" originy="0" style="Default" rotation="0" justify="" flipped="False" hidden="True" data="" />
    <text name="Arrow Price/Stock" originx="0" originy="0" style="Default" rotation="0" justify="" flipped="False" hidden="True" data="" />
  </component>
</quadcept_library>
